sigla_uf,ano,precipitacao_anual_mm_capital,precipitacao_normal_1995_2022_mm,anomalia_precipitacao_pct
AC,1995,1571.6,1747.8,-10.08
AC,1996,1715.6,1747.8,-1.84
AC,1997,1674.9,1747.8,-4.17
AC,1998,1588.8,1747.8,-9.1
AC,1999,1565.0,1747.8,-10.46
AC,2000,1567.6,1747.8,-10.31
AC,2001,1610.5,1747.8,-7.86
AC,2002,1757.8,1747.8,0.57
AC,2003,1592.1,1747.8,-8.91
AC,2004,1596.8,1747.8,-8.64
AC,2005,1560.3,1747.8,-10.73
AC,2006,1504.0,1747.8,-13.95
AC,2007,1672.7,1747.8,-4.3
AC,2008,1875.4,1747.8,7.3
AC,2009,1886.4,1747.8,7.93
AC,2010,1376.7,1747.8,-21.23
AC,2011,1765.9,1747.8,1.03
AC,2012,1971.7,1747.8,12.81
AC,2013,1761.8,1747.8,0.8
AC,2014,2232.2,1747.8,27.71
AC,2015,1838.2,1747.8,5.17
AC,2016,1782.5,1747.8,1.98
AC,2017,1940.2,1747.8,11.01
AC,2018,2008.0,1747.8,14.88
AC,2019,2012.6,1747.8,15.15
AC,2020,2013.8,1747.8,15.22
AC,2021,1763.5,1747.8,0.9
AC,2022,1732.9,1747.8,-0.85
AL,1995,947.4,1149.1,-17.55
AL,1996,1481.2,1149.1,28.9
AL,1997,960.4,1149.1,-16.42
AL,1998,752.1,1149.1,-34.55
AL,1999,805.0,1149.1,-29.95
AL,2000,1553.5,1149.1,35.19
AL,2001,998.0,1149.1,-13.15
AL,2002,1197.7,1149.1,4.23
AL,2003,830.8,1149.1,-27.7
AL,2004,1389.4,1149.1,20.91
AL,2005,1114.6,1149.1,-3.0
AL,2006,1063.5,1149.1,-7.45
AL,2007,1136.6,1149.1,-1.09
AL,2008,1099.8,1149.1,-4.29
AL,2009,1169.2,1149.1,1.75
AL,2010,1066.1,1149.1,-7.23
AL,2011,1541.9,1149.1,34.18
AL,2012,692.3,1149.1,-39.75
AL,2013,1046.2,1149.1,-8.96
AL,2014,1147.9,1149.1,-0.11
AL,2015,807.5,1149.1,-29.73
AL,2016,716.5,1149.1,-37.65
AL,2017,1524.6,1149.1,32.67
AL,2018,1077.9,1149.1,-6.2
AL,2019,1231.1,1149.1,7.13
AL,2020,1371.8,1149.1,19.38
AL,2021,1300.0,1149.1,13.13
AL,2022,2152.5,1149.1,87.32
AM,1995,2549.6,2632.8,-3.16
AM,1996,3173.2,2632.8,20.53
AM,1997,2465.9,2632.8,-6.34
AM,1998,2479.9,2632.8,-5.81
AM,1999,3418.9,2632.8,29.86
AM,2000,3129.0,2632.8,18.85
AM,2001,2692.2,2632.8,2.26
AM,2002,2799.9,2632.8,6.35
AM,2003,2842.5,2632.8,7.97
AM,2004,2848.8,2632.8,8.21
AM,2005,2879.2,2632.8,9.36
AM,2006,3067.0,2632.8,16.49
AM,2007,2825.0,2632.8,7.3
AM,2008,3370.0,2632.8,28.0
AM,2009,2940.1,2632.8,11.67
AM,2010,2607.3,2632.8,-0.97
AM,2011,2950.4,2632.8,12.06
AM,2012,2504.6,2632.8,-4.87
AM,2013,2719.4,2632.8,3.29
AM,2014,2633.2,2632.8,0.02
AM,2015,2332.4,2632.8,-11.41
AM,2016,2625.2,2632.8,-0.29
AM,2017,2025.7,2632.8,-23.06
AM,2018,1975.7,2632.8,-24.96
AM,2019,2145.1,2632.8,-18.52
AM,2020,1810.2,2632.8,-31.24
AM,2021,2093.4,2632.8,-20.49
AM,2022,1814.0,2632.8,-31.1
AP,1995,2072.1,2408.3,-13.96
AP,1996,2634.9,2408.3,9.41
AP,1997,1967.9,2408.3,-18.29
AP,1998,1982.3,2408.3,-17.69
AP,1999,2810.2,2408.3,16.69
AP,2000,2796.2,2408.3,16.11
AP,2001,2477.3,2408.3,2.86
AP,2002,2418.2,2408.3,0.41
AP,2003,2333.9,2408.3,-3.09
AP,2004,2375.5,2408.3,-1.36
AP,2005,2272.7,2408.3,-5.63
AP,2006,2432.2,2408.3,0.99
AP,2007,2418.0,2408.3,0.4
AP,2008,2463.2,2408.3,2.28
AP,2009,2813.2,2408.3,16.81
AP,2010,2145.5,2408.3,-10.91
AP,2011,2661.5,2408.3,10.51
AP,2012,1951.0,2408.3,-18.99
AP,2013,2471.8,2408.3,2.64
AP,2014,2862.2,2408.3,18.85
AP,2015,2033.0,2408.3,-15.58
AP,2016,2232.1,2408.3,-7.32
AP,2017,2585.4,2408.3,7.35
AP,2018,3001.2,2408.3,24.62
AP,2019,2054.1,2408.3,-14.71
AP,2020,2172.6,2408.3,-9.79
AP,2021,2346.4,2408.3,-2.57
AP,2022,2647.9,2408.3,9.95
BA,1995,1054.2,1237.7,-14.83
BA,1996,1269.4,1237.7,2.56
BA,1997,1107.8,1237.7,-10.5
BA,1998,1119.5,1237.7,-9.55
BA,1999,1735.6,1237.7,40.22
BA,2000,1508.6,1237.7,21.88
BA,2001,1157.3,1237.7,-6.5
BA,2002,1147.0,1237.7,-7.33
BA,2003,1320.9,1237.7,6.72
BA,2004,1214.4,1237.7,-1.89
BA,2005,1422.5,1237.7,14.93
BA,2006,1383.5,1237.7,11.78
BA,2007,1216.0,1237.7,-1.76
BA,2008,978.6,1237.7,-20.94
BA,2009,1253.8,1237.7,1.3
BA,2010,1396.7,1237.7,12.84
BA,2011,1362.5,1237.7,10.08
BA,2012,814.7,1237.7,-34.18
BA,2013,1368.7,1237.7,10.58
BA,2014,1303.0,1237.7,5.27
BA,2015,1282.6,1237.7,3.62
BA,2016,971.5,1237.7,-21.51
BA,2017,1080.1,1237.7,-12.74
BA,2018,955.0,1237.7,-22.84
BA,2019,1007.8,1237.7,-18.58
BA,2020,1506.5,1237.7,21.71
BA,2021,1273.5,1237.7,2.89
BA,2022,1445.1,1237.7,16.75
CE,1995,1272.2,1056.7,20.39
CE,1996,961.8,1056.7,-8.98
CE,1997,545.0,1056.7,-48.43
CE,1998,542.0,1056.7,-48.71
CE,1999,898.1,1056.7,-15.01
CE,2000,1249.4,1056.7,18.23
CE,2001,708.4,1056.7,-32.96
CE,2002,1092.0,1056.7,3.34
CE,2003,1121.6,1056.7,6.14
CE,2004,1377.7,1056.7,30.37
CE,2005,685.2,1056.7,-35.16
CE,2006,908.1,1056.7,-14.07
CE,2007,785.7,1056.7,-25.65
CE,2008,1045.4,1056.7,-1.07
CE,2009,2095.6,1056.7,98.31
CE,2010,562.6,1056.7,-46.76
CE,2011,1497.1,1056.7,41.67
CE,2012,513.2,1056.7,-51.44
CE,2013,604.8,1056.7,-42.77
CE,2014,771.4,1056.7,-27.0
CE,2015,841.5,1056.7,-20.37
CE,2016,817.8,1056.7,-22.61
CE,2017,1378.3,1056.7,30.43
CE,2018,1456.1,1056.7,37.79
CE,2019,2000.1,1056.7,89.27
CE,2020,1484.6,1056.7,40.49
CE,2021,903.3,1056.7,-14.52
CE,2022,1469.5,1056.7,39.06
DF,1995,1386.2,1328.2,4.37
DF,1996,1435.8,1328.2,8.1
DF,1997,1733.6,1328.2,30.52
DF,1998,1490.3,1328.2,12.2
DF,1999,1383.8,1328.2,4.19
DF,2000,1402.3,1328.2,5.58
DF,2001,1258.9,1328.2,-5.22
DF,2002,1285.6,1328.2,-3.21
DF,2003,1081.2,1328.2,-18.6
DF,2004,1517.0,1328.2,14.21
DF,2005,1493.0,1328.2,12.41
DF,2006,1693.8,1328.2,27.53
DF,2007,985.7,1328.2,-25.79
DF,2008,1379.3,1328.2,3.85
DF,2009,1633.1,1328.2,22.96
DF,2010,1287.5,1328.2,-3.06
DF,2011,1460.3,1328.2,9.95
DF,2012,1220.6,1328.2,-8.1
DF,2013,1521.9,1328.2,14.58
DF,2014,1390.5,1328.2,4.69
DF,2015,1212.1,1328.2,-8.74
DF,2016,1250.2,1328.2,-5.87
DF,2017,1016.7,1328.2,-23.45
DF,2018,1223.8,1328.2,-7.86
DF,2019,868.6,1328.2,-34.6
DF,2020,1302.5,1328.2,-1.94
DF,2021,1181.4,1328.2,-11.05
DF,2022,1094.1,1328.2,-17.63
ES,1995,1531.8,1367.6,12.01
ES,1996,1634.5,1367.6,19.52
ES,1997,1422.9,1367.6,4.04
ES,1998,1261.6,1367.6,-7.75
ES,1999,1462.0,1367.6,6.9
ES,2000,1333.1,1367.6,-2.52
ES,2001,1265.2,1367.6,-7.49
ES,2002,1290.6,1367.6,-5.63
ES,2003,1147.7,1367.6,-16.08
ES,2004,1617.7,1367.6,18.29
ES,2005,1873.5,1367.6,36.99
ES,2006,1664.7,1367.6,21.72
ES,2007,1119.9,1367.6,-18.11
ES,2008,1860.6,1367.6,36.05
ES,2009,1744.8,1367.6,27.58
ES,2010,1168.7,1367.6,-14.54
ES,2011,1640.2,1367.6,19.93
ES,2012,1015.2,1367.6,-25.77
ES,2013,1799.4,1367.6,31.57
ES,2014,910.6,1367.6,-33.42
ES,2015,900.6,1367.6,-34.15
ES,2016,996.8,1367.6,-27.11
ES,2017,889.7,1367.6,-34.94
ES,2018,1411.4,1367.6,3.2
ES,2019,1285.5,1367.6,-6.0
ES,2020,1200.4,1367.6,-12.23
ES,2021,1340.6,1367.6,-1.97
ES,2022,1503.3,1367.6,9.92
GO,1995,1257.6,1148.3,9.52
GO,1996,1297.5,1148.3,12.99
GO,1997,1548.3,1148.3,34.83
GO,1998,1111.3,1148.3,-3.22
GO,1999,1047.9,1148.3,-8.74
GO,2000,1401.5,1148.3,22.05
GO,2001,1089.6,1148.3,-5.11
GO,2002,1096.6,1148.3,-4.5
GO,2003,1082.9,1148.3,-5.7
GO,2004,1235.6,1148.3,7.6
GO,2005,1236.7,1148.3,7.7
GO,2006,1348.0,1148.3,17.39
GO,2007,899.0,1148.3,-21.71
GO,2008,1163.0,1148.3,1.28
GO,2009,1398.0,1148.3,21.74
GO,2010,1143.4,1148.3,-0.43
GO,2011,1331.1,1148.3,15.92
GO,2012,1015.1,1148.3,-11.6
GO,2013,1430.8,1148.3,24.6
GO,2014,1024.4,1148.3,-10.79
GO,2015,1111.8,1148.3,-3.18
GO,2016,1103.3,1148.3,-3.92
GO,2017,806.1,1148.3,-29.8
GO,2018,1084.6,1148.3,-5.55
GO,2019,834.3,1148.3,-27.34
GO,2020,1052.0,1148.3,-8.39
GO,2021,1053.9,1148.3,-8.22
GO,2022,948.2,1148.3,-17.43
MA,1995,2036.9,2021.8,0.74
MA,1996,2343.3,2021.8,15.9
MA,1997,1419.8,2021.8,-29.78
MA,1998,1431.3,2021.8,-29.21
MA,1999,2491.2,2021.8,23.21
MA,2000,2223.9,2021.8,9.99
MA,2001,2061.8,2021.8,1.98
MA,2002,2171.5,2021.8,7.4
MA,2003,1951.3,2021.8,-3.49
MA,2004,1902.0,2021.8,-5.93
MA,2005,1831.4,2021.8,-9.42
MA,2006,1853.2,2021.8,-8.34
MA,2007,1884.7,2021.8,-6.78
MA,2008,2114.8,2021.8,4.6
MA,2009,2593.6,2021.8,28.28
MA,2010,1496.3,2021.8,-25.99
MA,2011,2330.8,2021.8,15.28
MA,2012,1359.1,2021.8,-32.78
MA,2013,1564.8,2021.8,-22.61
MA,2014,1677.1,2021.8,-17.05
MA,2015,1456.9,2021.8,-27.94
MA,2016,1343.0,2021.8,-33.58
MA,2017,2136.4,2021.8,5.67
MA,2018,2608.4,2021.8,29.01
MA,2019,2800.8,2021.8,38.53
MA,2020,2507.6,2021.8,24.03
MA,2021,2106.3,2021.8,4.18
MA,2022,2913.4,2021.8,44.1
MG,1995,1369.5,1156.9,18.38
MG,1996,1281.7,1156.9,10.79
MG,1997,1361.1,1156.9,17.65
MG,1998,1058.2,1156.9,-8.53
MG,1999,1119.5,1156.9,-3.23
MG,2000,1246.5,1156.9,7.75
MG,2001,1014.9,1156.9,-12.27
MG,2002,1324.8,1156.9,14.52
MG,2003,1115.7,1156.9,-3.56
MG,2004,1306.9,1156.9,12.97
MG,2005,1132.5,1156.9,-2.11
MG,2006,1064.1,1156.9,-8.02
MG,2007,881.1,1156.9,-23.84
MG,2008,1398.3,1156.9,20.87
MG,2009,1544.1,1156.9,33.47
MG,2010,1078.7,1156.9,-6.76
MG,2011,1352.9,1156.9,16.95
MG,2012,912.0,1156.9,-21.17
MG,2013,1164.6,1156.9,0.67
MG,2014,698.1,1156.9,-39.66
MG,2015,883.0,1156.9,-23.67
MG,2016,1240.2,1156.9,7.2
MG,2017,650.4,1156.9,-43.78
MG,2018,1205.0,1156.9,4.16
MG,2019,862.4,1156.9,-25.45
MG,2020,1367.6,1156.9,18.22
MG,2021,1251.7,1156.9,8.2
MG,2022,1506.5,1156.9,30.22
MS,1995,1442.9,1330.6,8.44
MS,1996,1682.6,1330.6,26.45
MS,1997,1872.5,1330.6,40.72
MS,1998,1621.0,1330.6,21.82
MS,1999,1167.8,1330.6,-12.24
MS,2000,1604.1,1330.6,20.55
MS,2001,1522.1,1330.6,14.39
MS,2002,1102.5,1330.6,-17.14
MS,2003,1210.3,1330.6,-9.04
MS,2004,1073.5,1330.6,-19.32
MS,2005,1255.0,1330.6,-5.68
MS,2006,1258.0,1330.6,-5.46
MS,2007,1258.0,1330.6,-5.46
MS,2008,1356.8,1330.6,1.97
MS,2009,1731.8,1330.6,30.15
MS,2010,1180.6,1330.6,-11.27
MS,2011,1436.5,1330.6,7.96
MS,2012,1405.0,1330.6,5.59
MS,2013,1315.3,1330.6,-1.15
MS,2014,1373.0,1330.6,3.19
MS,2015,1536.1,1330.6,15.44
MS,2016,1483.8,1330.6,11.51
MS,2017,1318.5,1330.6,-0.91
MS,2018,1263.0,1330.6,-5.08
MS,2019,1010.1,1330.6,-24.09
MS,2020,832.3,1330.6,-37.45
MS,2021,913.6,1330.6,-31.34
MS,2022,1030.5,1330.6,-22.55
MT,1995,1591.5,1323.4,20.26
MT,1996,1634.0,1323.4,23.47
MT,1997,1625.5,1323.4,22.83
MT,1998,1363.0,1323.4,2.99
MT,1999,1256.6,1323.4,-5.05
MT,2000,1315.8,1323.4,-0.57
MT,2001,1349.1,1323.4,1.94
MT,2002,1192.4,1323.4,-9.9
MT,2003,1203.1,1323.4,-9.09
MT,2004,1026.6,1323.4,-22.43
MT,2005,1043.2,1323.4,-21.17
MT,2006,1525.3,1323.4,15.26
MT,2007,1232.4,1323.4,-6.88
MT,2008,1419.0,1323.4,7.22
MT,2009,1441.3,1323.4,8.91
MT,2010,1214.3,1323.4,-8.24
MT,2011,1477.1,1323.4,11.62
MT,2012,1348.1,1323.4,1.87
MT,2013,1627.9,1323.4,23.01
MT,2014,1613.1,1323.4,21.89
MT,2015,1319.3,1323.4,-0.31
MT,2016,1720.8,1323.4,30.03
MT,2017,1293.0,1323.4,-2.3
MT,2018,1284.9,1323.4,-2.91
MT,2019,931.2,1323.4,-29.64
MT,2020,744.4,1323.4,-43.75
MT,2021,1129.1,1323.4,-14.68
MT,2022,1132.8,1323.4,-14.4
PA,1995,2162.8,2181.0,-0.83
PA,1996,2112.4,2181.0,-3.15
PA,1997,1573.4,2181.0,-27.86
PA,1998,1573.2,2181.0,-27.87
PA,1999,2578.2,2181.0,18.21
PA,2000,2526.4,2181.0,15.84
PA,2001,2075.4,2181.0,-4.84
PA,2002,2003.2,2181.0,-8.15
PA,2003,2017.3,2181.0,-7.51
PA,2004,2064.5,2181.0,-5.34
PA,2005,1987.5,2181.0,-8.87
PA,2006,2109.6,2181.0,-3.27
PA,2007,1961.9,2181.0,-10.05
PA,2008,2220.2,2181.0,1.8
PA,2009,2825.4,2181.0,29.55
PA,2010,1689.3,2181.0,-22.54
PA,2011,2100.0,2181.0,-3.71
PA,2012,1536.2,2181.0,-29.56
PA,2013,1781.6,2181.0,-18.31
PA,2014,2289.8,2181.0,4.99
PA,2015,1662.5,2181.0,-23.77
PA,2016,1650.5,2181.0,-24.32
PA,2017,2599.1,2181.0,19.17
PA,2018,2626.6,2181.0,20.43
PA,2019,2684.5,2181.0,23.09
PA,2020,2672.4,2181.0,22.53
PA,2021,3108.0,2181.0,42.5
PA,2022,2876.0,2181.0,31.87
PB,1995,909.0,1008.6,-9.88
PB,1996,1036.5,1008.6,2.77
PB,1997,614.5,1008.6,-39.07
PB,1998,665.8,1008.6,-33.99
PB,1999,557.8,1008.6,-44.7
PB,2000,1347.0,1008.6,33.55
PB,2001,647.8,1008.6,-35.77
PB,2002,968.5,1008.6,-3.98
PB,2003,879.8,1008.6,-12.77
PB,2004,1339.7,1008.6,32.83
PB,2005,747.5,1008.6,-25.89
PB,2006,755.2,1008.6,-25.12
PB,2007,785.2,1008.6,-22.15
PB,2008,1130.2,1008.6,12.06
PB,2009,1100.7,1008.6,9.13
PB,2010,718.0,1008.6,-28.81
PB,2011,1739.6,1008.6,72.48
PB,2012,652.0,1008.6,-35.36
PB,2013,749.5,1008.6,-25.69
PB,2014,866.9,1008.6,-14.05
PB,2015,689.9,1008.6,-31.6
PB,2016,817.2,1008.6,-18.98
PB,2017,1792.0,1008.6,77.67
PB,2018,1358.6,1008.6,34.7
PB,2019,1449.4,1008.6,43.7
PB,2020,1282.4,1008.6,27.15
PB,2021,1086.3,1008.6,7.7
PB,2022,1553.9,1008.6,54.06
PE,1995,800.1,1012.7,-20.99
PE,1996,1058.9,1012.7,4.57
PE,1997,683.3,1012.7,-32.52
PE,1998,581.2,1012.7,-42.61
PE,1999,551.6,1012.7,-45.53
PE,2000,1489.6,1012.7,47.1
PE,2001,753.6,1012.7,-25.58
PE,2002,893.9,1012.7,-11.73
PE,2003,805.3,1012.7,-20.48
PE,2004,1221.7,1012.7,20.64
PE,2005,770.2,1012.7,-23.94
PE,2006,821.7,1012.7,-18.86
PE,2007,803.3,1012.7,-20.67
PE,2008,975.0,1012.7,-3.72
PE,2009,1042.3,1012.7,2.93
PE,2010,736.5,1012.7,-27.27
PE,2011,1345.3,1012.7,32.85
PE,2012,604.4,1012.7,-40.32
PE,2013,1155.2,1012.7,14.08
PE,2014,848.1,1012.7,-16.25
PE,2015,674.7,1012.7,-33.37
PE,2016,823.7,1012.7,-18.66
PE,2017,1671.1,1012.7,65.02
PE,2018,1412.4,1012.7,39.47
PE,2019,1463.4,1012.7,44.51
PE,2020,1276.8,1012.7,26.08
PE,2021,1232.3,1012.7,21.69
PE,2022,1858.8,1012.7,83.56
PI,1995,2082.7,1489.2,39.86
PI,1996,1984.5,1489.2,33.26
PI,1997,1364.0,1489.2,-8.41
PI,1998,1181.8,1489.2,-20.64
PI,1999,1901.7,1489.2,27.7
PI,2000,1349.0,1489.2,-9.41
PI,2001,1248.1,1489.2,-16.19
PI,2002,1327.8,1489.2,-10.84
PI,2003,1366.3,1489.2,-8.25
PI,2004,1433.6,1489.2,-3.73
PI,2005,1263.7,1489.2,-15.14
PI,2006,1844.4,1489.2,23.85
PI,2007,1204.6,1489.2,-19.11
PI,2008,1418.9,1489.2,-4.72
PI,2009,2441.9,1489.2,63.98
PI,2010,998.8,1489.2,-32.93
PI,2011,1576.7,1489.2,5.88
PI,2012,997.8,1489.2,-33.0
PI,2013,1172.1,1489.2,-21.29
PI,2014,1108.2,1489.2,-25.58
PI,2015,992.3,1489.2,-33.37
PI,2016,1240.7,1489.2,-16.69
PI,2017,1222.1,1489.2,-17.93
PI,2018,1587.0,1489.2,6.57
PI,2019,1772.8,1489.2,19.05
PI,2020,1985.8,1489.2,33.35
PI,2021,1470.0,1489.2,-1.29
PI,2022,2159.4,1489.2,45.01
PR,1995,1763.6,1534.2,14.95
PR,1996,2002.8,1534.2,30.54
PR,1997,1960.1,1534.2,27.76
PR,1998,1919.8,1534.2,25.13
PR,1999,1501.9,1534.2,-2.11
PR,2000,1501.8,1534.2,-2.11
PR,2001,1556.5,1534.2,1.45
PR,2002,1384.0,1534.2,-9.79
PR,2003,1397.3,1534.2,-8.92
PR,2004,1567.9,1534.2,2.19
PR,2005,1481.6,1534.2,-3.43
PR,2006,1157.1,1534.2,-24.58
PR,2007,1248.4,1534.2,-18.63
PR,2008,1563.3,1534.2,1.89
PR,2009,1628.0,1534.2,6.11
PR,2010,1649.9,1534.2,7.54
PR,2011,1616.8,1534.2,5.38
PR,2012,1462.9,1534.2,-4.65
PR,2013,1746.4,1534.2,13.83
PR,2014,1314.3,1534.2,-14.33
PR,2015,1903.7,1534.2,24.08
PR,2016,1516.9,1534.2,-1.13
PR,2017,1398.8,1534.2,-8.83
PR,2018,1130.6,1534.2,-26.31
PR,2019,1403.1,1534.2,-8.55
PR,2020,1203.0,1534.2,-21.59
PR,2021,1329.6,1534.2,-13.34
PR,2022,1648.3,1534.2,7.44
RJ,1995,2110.0,1546.8,36.41
RJ,1996,1948.3,1546.8,25.95
RJ,1997,1558.6,1546.8,0.76
RJ,1998,1783.3,1546.8,15.29
RJ,1999,1580.1,1546.8,2.15
RJ,2000,1461.7,1546.8,-5.5
RJ,2001,1300.1,1546.8,-15.95
RJ,2002,1322.5,1546.8,-14.5
RJ,2003,1806.7,1546.8,16.8
RJ,2004,1693.9,1546.8,9.51
RJ,2005,1938.6,1546.8,25.33
RJ,2006,1569.4,1546.8,1.46
RJ,2007,1509.6,1546.8,-2.41
RJ,2008,2103.3,1546.8,35.97
RJ,2009,2283.3,1546.8,47.61
RJ,2010,1647.8,1546.8,6.53
RJ,2011,1496.1,1546.8,-3.28
RJ,2012,1365.3,1546.8,-11.74
RJ,2013,1882.2,1546.8,21.68
RJ,2014,1097.7,1546.8,-29.04
RJ,2015,1450.5,1546.8,-6.23
RJ,2016,1507.1,1546.8,-2.57
RJ,2017,912.6,1546.8,-41.0
RJ,2018,1136.3,1546.8,-26.54
RJ,2019,1143.3,1546.8,-26.09
RJ,2020,1366.4,1546.8,-11.67
RJ,2021,997.4,1546.8,-35.52
RJ,2022,1339.7,1546.8,-13.39
RN,1995,1256.0,1169.6,7.39
RN,1996,1154.2,1169.6,-1.32
RN,1997,668.6,1169.6,-42.84
RN,1998,854.9,1169.6,-26.91
RN,1999,798.2,1169.6,-31.75
RN,2000,1505.9,1169.6,28.75
RN,2001,956.3,1169.6,-18.24
RN,2002,1196.0,1169.6,2.26
RN,2003,1190.3,1169.6,1.77
RN,2004,1580.7,1169.6,35.15
RN,2005,969.8,1169.6,-17.08
RN,2006,911.5,1169.6,-22.07
RN,2007,959.2,1169.6,-17.99
RN,2008,1512.0,1169.6,29.27
RN,2009,1787.3,1169.6,52.81
RN,2010,797.1,1169.6,-31.85
RN,2011,1634.3,1169.6,39.73
RN,2012,937.9,1169.6,-19.81
RN,2013,925.3,1169.6,-20.89
RN,2014,1071.8,1169.6,-8.36
RN,2015,1077.2,1169.6,-7.9
RN,2016,1074.7,1169.6,-8.11
RN,2017,1499.3,1169.6,28.19
RN,2018,1383.2,1169.6,18.26
RN,2019,1487.0,1169.6,27.14
RN,2020,1458.1,1169.6,24.67
RN,2021,776.4,1169.6,-33.62
RN,2022,1325.8,1169.6,13.35
RO,1995,1890.4,2297.1,-17.7
RO,1996,2251.2,2297.1,-2.0
RO,1997,2050.8,2297.1,-10.72
RO,1998,2024.6,2297.1,-11.86
RO,1999,2213.3,2297.1,-3.65
RO,2000,2234.2,2297.1,-2.74
RO,2001,2143.3,2297.1,-6.7
RO,2002,2119.4,2297.1,-7.74
RO,2003,2340.2,2297.1,1.88
RO,2004,2307.9,2297.1,0.47
RO,2005,1792.1,2297.1,-21.98
RO,2006,2150.4,2297.1,-6.39
RO,2007,2110.0,2297.1,-8.15
RO,2008,2207.9,2297.1,-3.88
RO,2009,2408.4,2297.1,4.85
RO,2010,1973.9,2297.1,-14.07
RO,2011,2322.6,2297.1,1.11
RO,2012,2318.8,2297.1,0.94
RO,2013,2677.0,2297.1,16.54
RO,2014,2567.4,2297.1,11.77
RO,2015,2268.0,2297.1,-1.27
RO,2016,2536.4,2297.1,10.42
RO,2017,2832.8,2297.1,23.32
RO,2018,2851.5,2297.1,24.13
RO,2019,3024.3,2297.1,31.66
RO,2020,2429.1,2297.1,5.75
RO,2021,2097.7,2297.1,-8.68
RO,2022,2175.2,2297.1,-5.31
RR,1995,1777.6,1884.0,-5.65
RR,1996,1808.3,1884.0,-4.02
RR,1997,1263.9,1884.0,-32.92
RR,1998,1923.2,1884.0,2.08
RR,1999,1904.6,1884.0,1.09
RR,2000,1771.4,1884.0,-5.98
RR,2001,1339.5,1884.0,-28.9
RR,2002,1592.5,1884.0,-15.47
RR,2003,1713.3,1884.0,-9.06
RR,2004,1550.7,1884.0,-17.69
RR,2005,1952.2,1884.0,3.62
RR,2006,1821.4,1884.0,-3.32
RR,2007,1851.4,1884.0,-1.73
RR,2008,1956.1,1884.0,3.82
RR,2009,1155.2,1884.0,-38.69
RR,2010,2432.5,1884.0,29.11
RR,2011,2106.6,1884.0,11.81
RR,2012,1641.3,1884.0,-12.88
RR,2013,1699.5,1884.0,-9.8
RR,2014,1272.2,1884.0,-32.47
RR,2015,1030.4,1884.0,-45.31
RR,2016,1853.6,1884.0,-1.62
RR,2017,2446.1,1884.0,29.83
RR,2018,2360.3,1884.0,25.28
RR,2019,2901.6,1884.0,54.01
RR,2020,2173.0,1884.0,15.34
RR,2021,2586.3,1884.0,37.27
RR,2022,2868.5,1884.0,52.25
RS,1995,1494.5,1520.8,-1.73
RS,1996,1591.7,1520.8,4.66
RS,1997,1865.5,1520.8,22.66
RS,1998,2195.4,1520.8,44.36
RS,1999,1449.7,1520.8,-4.68
RS,2000,1620.9,1520.8,6.58
RS,2001,1648.2,1520.8,8.38
RS,2002,1837.4,1520.8,20.82
RS,2003,1555.1,1520.8,2.25
RS,2004,1170.9,1520.8,-23.01
RS,2005,1350.0,1520.8,-11.23
RS,2006,1269.6,1520.8,-16.52
RS,2007,1683.8,1520.8,10.72
RS,2008,1485.4,1520.8,-2.33
RS,2009,1407.9,1520.8,-7.42
RS,2010,1651.8,1520.8,8.61
RS,2011,1433.0,1520.8,-5.77
RS,2012,1224.7,1520.8,-19.47
RS,2013,1457.0,1520.8,-4.2
RS,2014,1661.8,1520.8,9.27
RS,2015,1855.7,1520.8,22.02
RS,2016,1244.8,1520.8,-18.15
RS,2017,1682.7,1520.8,10.64
RS,2018,1412.9,1520.8,-7.1
RS,2019,1369.7,1520.8,-9.94
RS,2020,1449.8,1520.8,-4.67
RS,2021,1202.2,1520.8,-20.95
RS,2022,1310.7,1520.8,-13.82
SC,1995,1987.2,1671.9,18.86
SC,1996,2020.6,1671.9,20.86
SC,1997,1882.8,1671.9,12.62
SC,1998,2163.6,1671.9,29.41
SC,1999,1705.0,1671.9,1.98
SC,2000,1480.9,1671.9,-11.42
SC,2001,1703.8,1671.9,1.91
SC,2002,1594.8,1671.9,-4.61
SC,2003,1257.2,1671.9,-24.8
SC,2004,1825.0,1671.9,9.16
SC,2005,1685.0,1671.9,0.79
SC,2006,1239.9,1671.9,-25.84
SC,2007,1324.0,1671.9,-20.81
SC,2008,2333.9,1671.9,39.6
SC,2009,1669.7,1671.9,-0.13
SC,2010,2052.9,1671.9,22.79
SC,2011,2281.1,1671.9,36.44
SC,2012,1488.4,1671.9,-10.97
SC,2013,1514.4,1671.9,-9.42
SC,2014,1555.6,1671.9,-6.95
SC,2015,2048.2,1671.9,22.51
SC,2016,1585.1,1671.9,-5.19
SC,2017,1309.6,1671.9,-21.67
SC,2018,1216.2,1671.9,-27.26
SC,2019,1118.2,1671.9,-33.12
SC,2020,1314.1,1671.9,-21.4
SC,2021,1572.9,1671.9,-5.92
SC,2022,1882.2,1671.9,12.58
SE,1995,761.7,995.5,-23.49
SE,1996,1142.5,995.5,14.77
SE,1997,986.8,995.5,-0.87
SE,1998,678.3,995.5,-31.86
SE,1999,934.8,995.5,-6.1
SE,2000,1177.3,995.5,18.26
SE,2001,859.4,995.5,-13.67
SE,2002,987.0,995.5,-0.85
SE,2003,848.4,995.5,-14.78
SE,2004,1010.8,995.5,1.54
SE,2005,992.0,995.5,-0.35
SE,2006,1183.0,995.5,18.83
SE,2007,967.1,995.5,-2.85
SE,2008,995.0,995.5,-0.05
SE,2009,1121.3,995.5,12.64
SE,2010,1209.1,995.5,21.46
SE,2011,1191.1,995.5,19.65
SE,2012,621.3,995.5,-37.59
SE,2013,889.9,995.5,-10.61
SE,2014,954.0,995.5,-4.17
SE,2015,764.7,995.5,-23.18
SE,2016,601.6,995.5,-39.57
SE,2017,1238.1,995.5,24.37
SE,2018,871.6,995.5,-12.45
SE,2019,1089.3,995.5,9.42
SE,2020,1137.4,995.5,14.25
SE,2021,1082.7,995.5,8.76
SE,2022,1577.8,995.5,58.49
SP,1995,1646.9,1277.4,28.93
SP,1996,1565.9,1277.4,22.58
SP,1997,1451.0,1277.4,13.59
SP,1998,1312.5,1277.4,2.75
SP,1999,1399.1,1277.4,9.53
SP,2000,1402.5,1277.4,9.79
SP,2001,1105.2,1277.4,-13.48
SP,2002,1107.7,1277.4,-13.29
SP,2003,1062.7,1277.4,-16.81
SP,2004,1266.4,1277.4,-0.86
SP,2005,1173.0,1277.4,-8.17
SP,2006,1113.7,1277.4,-12.82
SP,2007,1109.8,1277.4,-13.12
SP,2008,1355.3,1277.4,6.1
SP,2009,1581.2,1277.4,23.78
SP,2010,1414.4,1277.4,10.72
SP,2011,1319.8,1277.4,3.32
SP,2012,1262.5,1277.4,-1.17
SP,2013,1308.1,1277.4,2.4
SP,2014,864.4,1277.4,-32.33
SP,2015,1485.6,1277.4,16.3
SP,2016,1316.5,1277.4,3.06
SP,2017,1177.7,1277.4,-7.81
SP,2018,1038.1,1277.4,-18.73
SP,2019,1218.6,1277.4,-4.6
SP,2020,1192.8,1277.4,-6.62
SP,2021,1083.6,1277.4,-15.17
SP,2022,1432.4,1277.4,12.13
TO,1995,2256.0,1814.9,24.31
TO,1996,2193.2,1814.9,20.85
TO,1997,2043.0,1814.9,12.57
TO,1998,1804.7,1814.9,-0.56
TO,1999,1983.5,1814.9,9.29
TO,2000,1963.6,1814.9,8.19
TO,2001,1874.1,1814.9,3.26
TO,2002,1569.4,1814.9,-13.53
TO,2003,1895.5,1814.9,4.44
TO,2004,1992.5,1814.9,9.79
TO,2005,2217.2,1814.9,22.17
TO,2006,2206.3,1814.9,21.57
TO,2007,1539.8,1814.9,-15.16
TO,2008,2008.5,1814.9,10.67
TO,2009,2383.9,1814.9,31.35
TO,2010,1769.8,1814.9,-2.48
TO,2011,2263.7,1814.9,24.73
TO,2012,1747.6,1814.9,-3.71
TO,2013,2085.7,1814.9,14.92
TO,2014,1444.1,1814.9,-20.43
TO,2015,1559.7,1814.9,-14.06
TO,2016,1747.2,1814.9,-3.73
TO,2017,1218.7,1814.9,-32.85
TO,2018,1462.8,1814.9,-19.4
TO,2019,1187.5,1814.9,-34.57
TO,2020,1256.5,1814.9,-30.77
TO,2021,1539.5,1814.9,-15.17
TO,2022,1602.5,1814.9,-11.7
